Provinsi,Time,expenses,tpt,gini,ump
ACEH,2007,51.86,10.055,0.285,850000
ACEH,2008,50.87,9.38,0.29,1000000
ACEH,2009,55.17,9.01,0.288,1200000
ACEH,2010,52.58,8.485,0.301,1300000
ACEH,2011,50.68,8.81,0.326,1350000
ACEH,2012,52.85,8.5,0.3305,1400000
ACEH,2013,49.36,9.23,0.336,1550000
ACEH,2014,51.8,7.885,0.331,1750000
ACEH,2015,46.81,8.83,0.3365,1900000
ACEH,2016,49.52,7.85,0.337,2118500
ACEH,2017,51.46,6.98,0.329,2500000
ACEH,2018,50.14,6.44,0.318,2700000
ACEH,2019,49.96,5.825,0.321,2916810
ACEH,2020,48.19,5.995,0.319,3165030
ACEH,2021,50.35,6.3,0.323,3165030
ACEH,2022,50.68,6.07,0.291,3166460
ACEH,2023,51.89,5.89,0.296,3413666
ACEH,2024,51.57,5.655,0.294,3460672
BALI,2007,40.8,4.33,0.348,622000
BALI,2008,43.6,3.935,0.318,682650
BALI,2009,41.9,3.03,0.315,760000
BALI,2010,42.72,3.315,0.366,829316
BALI,2011,38.24,2.975,0.397,890000
BALI,2012,33.87,2.165,0.414,967500
BALI,2013,41.32,1.88,0.4215,1181000
BALI,2014,41.03,1.635,0.4285,1542600
BALI,2015,37.46,1.68,0.388,1621172
BALI,2016,40.38,2.005,0.37,1807600
BALI,2017,40.75,1.38,0.382,1956727
BALI,2018,41.81,1.14,0.364,2127157
BALI,2019,42.27,1.395,0.37,2297969
BALI,2020,42.7,3.44,0.369,2494000
BALI,2021,40.93,5.395,0.375,2493523
BALI,2022,40.21,4.82,0.362,2516971
BALI,2023,40.25,3.21,0.362,2713672
BALI,2024,41.02,1.83,0.361,2813672
BANTEN,2007,40.86,15.93,0.379,746500
BANTEN,2008,41.99,14.665,0.354,837000
BANTEN,2009,43.46,14.935,0.369,917500
BANTEN,2010,41.8,13.905,0.419,955300
BANTEN,2011,43.98,13.68,0.399,1000000
BANTEN,2012,48.93,10.31,0.3855,1042000
BANTEN,2013,50.01,9.655,0.3895,1170000
BANTEN,2014,47.67,9.47,0.4095,1325000
BANTEN,2015,43.76,9.065,0.3935,1600000
BANTEN,2016,43.87,8.435,0.393,1784000
BANTEN,2017,47.0,8.515,0.381,1931180
BANTEN,2018,45.63,8.095,0.367,2099385
BANTEN,2019,46.86,7.83,0.361,2267990
BANTEN,2020,47.62,9.315,0.365,2460997
BANTEN,2021,46.66,8.995,0.363,2460968
BANTEN,2022,48.85,8.31,0.377,2501203
BANTEN,2023,46.32,7.745,0.368,2661280
BANTEN,2024,47.27,6.85,0.353,2727812
BENGKULU,2007,44.98,4.9,0.35,644838
BENGKULU,2008,46.38,4.44,0.348,690000
BENGKULU,2009,49.26,5.195,0.302,735000
BENGKULU,2010,49.73,4.325,0.365,780000
BENGKULU,2011,48.91,3.46,0.366,815000
BENGKULU,2012,48.39,2.9,0.357,930000
BENGKULU,2013,41.94,3.355,0.379,1200000
BENGKULU,2014,44.82,2.545,0.3555,1350000
BENGKULU,2015,43.87,4.06,0.3735,1500000
BENGKULU,2016,41.91,3.57,0.3555,1605000
BENGKULU,2017,43.3,3.275,0.35,1737412
BENGKULU,2018,42.46,2.99,0.355,1888741
BENGKULU,2019,42.77,2.835,0.329,2040407
BENGKULU,2020,42.68,3.575,0.323,2213604
BENGKULU,2021,43.99,3.685,0.321,2213604
BENGKULU,2022,46.38,3.49,0.315,2238094
BENGKULU,2023,44.39,3.315,0.333,2418280
BENGKULU,2024,42.57,3.14,0.342,2507079
DI YOGYAKARTA,2007,39.27,6.09,0.378,500000
DI YOGYAKARTA,2008,40.4,5.71,0.376,586000
DI YOGYAKARTA,2009,42.53,6.0,0.376,700000
DI YOGYAKARTA,2010,41.28,5.855,0.407,745694
DI YOGYAKARTA,2011,43.11,4.965,0.412,808000
DI YOGYAKARTA,2012,45.07,3.94,0.4415,892660
DI YOGYAKARTA,2013,42.98,3.495,0.4275,947114
DI YOGYAKARTA,2014,38.04,2.745,0.427,988500
DI YOGYAKARTA,2015,35.57,4.07,0.4265,988500
DI YOGYAKARTA,2016,37.88,2.765,0.4225,1182510
DI YOGYAKARTA,2017,40.25,2.93,0.436,1337645
DI YOGYAKARTA,2018,38.66,3.185,0.422,1454154
DI YOGYAKARTA,2019,38.65,3.035,0.428,1570923
DI YOGYAKARTA,2020,39.17,3.975,0.437,1704608
DI YOGYAKARTA,2021,40.0,4.42,0.436,1765000
DI YOGYAKARTA,2022,40.72,3.895,0.459,1840916
DI YOGYAKARTA,2023,40.38,3.635,0.449,1981782
DI YOGYAKARTA,2024,40.9,3.36,0.435,2125897
DKI JAKARTA,2007,35.28,12.92,0.367,900560
DKI JAKARTA,2008,36.34,11.61,0.362,972604
DKI JAKARTA,2009,38.14,12.07,0.356,1069865
DKI JAKARTA,2010,38.94,11.185,0.361,1118009
DKI JAKARTA,2011,33.76,11.275,0.42,1290000
DKI JAKARTA,2012,36.99,10.135,0.429,1529150
DKI JAKARTA,2013,39.47,9.135,0.4185,2200000
DKI JAKARTA,2014,36.48,9.155,0.4335,2441000
DKI JAKARTA,2015,34.71,7.795,0.426,2700000
DKI JAKARTA,2016,36.89,5.945,0.404,3100000
DKI JAKARTA,2017,39.94,6.25,0.411,3355750
DKI JAKARTA,2018,41.58,6.19,0.39,3648036
DKI JAKARTA,2019,40.7,6.02,0.391,3940973
DKI JAKARTA,2020,41.84,8.05,0.4,4276350
DKI JAKARTA,2021,39.54,8.505,0.411,4416186
DKI JAKARTA,2022,37.75,7.59,0.412,4641854
DKI JAKARTA,2023,37.82,7.05,0.431,4901798
DKI JAKARTA,2024,39.66,6.12,0.423,5067381
GORONTALO,2007,43.1,7.21,0.398,560000
GORONTALO,2008,47.85,6.345,0.353,600000
GORONTALO,2009,50.62,5.475,0.355,675000
GORONTALO,2010,48.45,5.105,0.431,710000
GORONTALO,2011,46.48,5.845,0.4295,762500
GORONTALO,2012,46.59,4.695,0.425,837500
GORONTALO,2013,45.14,4.33,0.441,1175000
GORONTALO,2014,44.19,3.31,0.4325,1325000
GORONTALO,2015,42.53,3.855,0.4105,1600000
GORONTALO,2016,44.68,3.32,0.4145,1875000
GORONTALO,2017,43.59,3.965,0.418,2030000
GORONTALO,2018,43.4,3.54,0.417,2206813
GORONTALO,2019,40.79,3.505,0.41,2384020
GORONTALO,2020,39.6,3.785,0.406,2788826
GORONTALO,2021,42.63,3.21,0.409,2586900
GORONTALO,2022,40.04,2.915,0.423,2800580
GORONTALO,2023,42.38,3.065,0.417,2989350
GORONTALO,2024,44.5,3.09,0.414,3025100
JAMBI,2007,46.92,6.48,0.321,658000
JAMBI,2008,47.12,5.525,0.295,724000
JAMBI,2009,50.33,5.37,0.269,800000
JAMBI,2010,50.67,4.92,0.304,900000
JAMBI,2011,49.73,4.305,0.344,1028000
JAMBI,2012,48.41,3.445,0.352,1142500
JAMBI,2013,47.72,3.825,0.3375,1300000
JAMBI,2014,52.0,3.79,0.3355,1502300
JAMBI,2015,45.48,3.535,0.3525,1710000
JAMBI,2016,45.6,4.33,0.3475,1906650
JAMBI,2017,48.84,3.77,0.335,2063000
JAMBI,2018,49.07,3.645,0.335,2243719
JAMBI,2019,48.02,3.79,0.324,2423889
JAMBI,2020,46.62,4.695,0.316,2630162
JAMBI,2021,47.2,4.925,0.315,2630161
JAMBI,2022,47.16,4.645,0.335,2698941
JAMBI,2023,45.64,4.515,0.343,2943000
JAMBI,2024,46.31,4.465,0.321,3037121
JAWA BARAT,2007,44.91,13.795,0.357,516840
JAWA BARAT,2008,46.64,12.18,0.36,568193
JAWA BARAT,2009,45.29,11.405,0.365,628191
JAWA BARAT,2010,48.65,10.45,0.356,671500
JAWA BARAT,2011,45.53,9.985,0.3955,732000
JAWA BARAT,2012,49.64,9.46,0.417,780000
JAWA BARAT,2013,48.02,9.02,0.4085,850000
JAWA BARAT,2014,44.59,8.555,0.4055,1000000
JAWA BARAT,2015,44.21,8.56,0.4205,1000000
JAWA BARAT,2016,46.2,8.73,0.4075,2250000
JAWA BARAT,2017,48.68,8.355,0.398,1420624
JAWA BARAT,2018,46.93,8.225,0.405,1544361
JAWA BARAT,2019,47.94,7.91,0.398,1668373
JAWA BARAT,2020,47.7,9.085,0.398,1810351
JAWA BARAT,2021,47.36,9.37,0.406,1810350
JAWA BARAT,2022,47.36,8.33,0.412,1841487
JAWA BARAT,2023,46.64,7.665,0.425,1986670
JAWA BARAT,2024,47.35,6.83,0.421,2057495
JAWA TENGAH,2007,46.06,7.9,0.338,500000
JAWA TENGAH,2008,48.09,7.235,0.325,547000
JAWA TENGAH,2009,48.74,7.305,0.319,575000
JAWA TENGAH,2010,48.64,6.535,0.341,660000
JAWA TENGAH,2011,45.58,6.625,0.37,675000
JAWA TENGAH,2012,49.79,5.755,0.3775,765000
JAWA TENGAH,2013,45.97,5.77,0.3885,830000
JAWA TENGAH,2014,46.86,5.565,0.382,910000
JAWA TENGAH,2015,42.81,5.15,0.382,910000
JAWA TENGAH,2016,45.84,4.415,0.3615,1265000
JAWA TENGAH,2017,47.34,4.36,0.365,1367000
JAWA TENGAH,2018,46.33,4.33,0.357,1486065
JAWA TENGAH,2019,46.31,4.315,0.358,1605396
JAWA TENGAH,2020,46.34,5.34,0.359,1742015
JAWA TENGAH,2021,46.91,5.955,0.368,1798979
JAWA TENGAH,2022,48.23,5.66,0.366,1812935
JAWA TENGAH,2023,46.89,5.185,0.369,1958169
JAWA TENGAH,2024,48.16,4.585,0.367,2036947
JAWA TIMUR,2007,44.78,7.12,0.348,448500
JAWA TIMUR,2008,45.99,6.33,0.346,500000
JAWA TIMUR,2009,48.43,5.475,0.334,570000
JAWA TIMUR,2010,49.41,4.58,0.337,630000
JAWA TIMUR,2011,46.59,4.81,0.3625,705000
JAWA TIMUR,2012,46.37,4.135,0.3595,745000
JAWA TIMUR,2013,45.58,4.135,0.366,866250
JAWA TIMUR,2014,47.15,4.105,0.386,1000000
JAWA TIMUR,2015,41.39,4.39,0.409,1000000
JAWA TIMUR,2016,45.33,4.175,0.402,1273490
JAWA TIMUR,2017,46.45,4.05,0.406,1388000
JAWA TIMUR,2018,46.37,3.84,0.371,1508895
JAWA TIMUR,2019,45.1,3.795,0.364,1630059
JAWA TIMUR,2020,45.69,4.72,0.364,1768777
JAWA TIMUR,2021,46.68,5.455,0.364,1868777
JAWA TIMUR,2022,48.01,5.15,0.365,1891567
JAWA TIMUR,2023,46.05,4.605,0.387,2040244
JAWA TIMUR,2024,47.51,3.965,0.372,2165244
KALIMANTAN BARAT,2007,48.02,6.775,0.321,560000
KALIMANTAN BARAT,2008,48.64,5.95,0.326,645000
KALIMANTAN BARAT,2009,49.17,5.535,0.321,705000
KALIMANTAN BARAT,2010,46.75,5.06,0.37,741000
KALIMANTAN BARAT,2011,46.83,4.915,0.382,802500
KALIMANTAN BARAT,2012,50.15,3.48,0.388,900000
KALIMANTAN BARAT,2013,47.85,3.56,0.39,1060000
KALIMANTAN BARAT,2014,44.04,3.285,0.3965,1380000
KALIMANTAN BARAT,2015,47.35,4.965,0.332,1560000
KALIMANTAN BARAT,2016,45.81,4.405,0.336,1739400
KALIMANTAN BARAT,2017,48.89,4.29,0.328,1882900
KALIMANTAN BARAT,2018,45.5,4.135,0.325,2046900
KALIMANTAN BARAT,2019,46.44,4.205,0.318,2211500
KALIMANTAN BARAT,2020,46.15,5.14,0.325,2399699
KALIMANTAN BARAT,2021,47.14,5.775,0.315,2399698
KALIMANTAN BARAT,2022,48.99,4.985,0.311,2434328
KALIMANTAN BARAT,2023,45.61,4.785,0.321,2608602
KALIMANTAN BARAT,2024,47.37,4.53,0.31,2702616
KALIMANTAN SELATAN,2007,48.6,7.465,0.355,745000
KALIMANTAN SELATAN,2008,46.28,6.545,0.345,825000
KALIMANTAN SELATAN,2009,45.43,6.555,0.348,930000
KALIMANTAN SELATAN,2010,46.64,5.57,0.366,1024500
KALIMANTAN SELATAN,2011,47.45,6.015,0.3615,1126000
KALIMANTAN SELATAN,2012,44.77,4.765,0.371,1225000
KALIMANTAN SELATAN,2013,48.76,3.77,0.3575,1337500
KALIMANTAN SELATAN,2014,44.57,3.915,0.3425,1620000
KALIMANTAN SELATAN,2015,43.25,4.875,0.3435,1870000
KALIMANTAN SELATAN,2016,46.64,4.54,0.3415,2085050
KALIMANTAN SELATAN,2017,48.1,4.15,0.347,2258000
KALIMANTAN SELATAN,2018,47.25,4.035,0.34,2454671
KALIMANTAN SELATAN,2019,46.21,3.795,0.334,2651782
KALIMANTAN SELATAN,2020,47.02,4.205,0.351,2877449
KALIMANTAN SELATAN,2021,46.72,4.64,0.325,2877447
KALIMANTAN SELATAN,2022,48.18,4.47,0.309,2906473
KALIMANTAN SELATAN,2023,47.54,4.13,0.313,3149977
KALIMANTAN SELATAN,2024,48.53,4.045,0.302,3282812
KALIMANTAN TENGAH,2007,50.53,5.065,0.312,665973
KALIMANTAN TENGAH,2008,54.23,4.69,0.307,765868
KALIMANTAN TENGAH,2009,53.81,4.575,0.293,873089
KALIMANTAN TENGAH,2010,54.01,4.01,0.304,986590
KALIMANTAN TENGAH,2011,51.97,3.685,0.336,1134580
KALIMANTAN TENGAH,2012,48.58,2.935,0.3325,1327459
KALIMANTAN TENGAH,2013,45.22,2.405,0.354,1553127
KALIMANTAN TENGAH,2014,47.2,2.975,0.3575,1723970
KALIMANTAN TENGAH,2015,47.96,3.84,0.313,1896367
KALIMANTAN TENGAH,2016,46.55,4.245,0.3385,2057558
KALIMANTAN TENGAH,2017,48.36,3.68,0.335,2227307
KALIMANTAN TENGAH,2018,46.67,3.525,0.344,2421305
KALIMANTAN TENGAH,2019,46.62,3.625,0.335,2663435
KALIMANTAN TENGAH,2020,45.85,3.955,0.32,2903145
KALIMANTAN TENGAH,2021,46.74,4.39,0.32,2903144
KALIMANTAN TENGAH,2022,48.11,4.23,0.309,2922516
KALIMANTAN TENGAH,2023,47.69,3.97,0.317,3181013
KALIMANTAN TENGAH,2024,49.09,3.84,0.301,3261616
KALIMANTAN TIMUR,2007,41.26,12.45,0.351,766500
KALIMANTAN TIMUR,2008,40.06,11.26,0.362,889654
KALIMANTAN TIMUR,2009,42.82,10.96,0.379,955000
KALIMANTAN TIMUR,2010,44.25,10.275,0.368,1002000
KALIMANTAN TIMUR,2011,42.23,11.165,0.349,1084000
KALIMANTAN TIMUR,2012,44.54,9.25,0.3625,1177000
KALIMANTAN TIMUR,2013,42.86,8.445,0.3685,1752073
KALIMANTAN TIMUR,2014,42.86,8.135,0.3545,1886315
KALIMANTAN TIMUR,2015,44.09,7.335,0.3155,2026126
KALIMANTAN TIMUR,2016,42.6,8.405,0.3215,2161253
KALIMANTAN TIMUR,2017,43.39,7.73,0.332,2354800
KALIMANTAN TIMUR,2018,42.92,6.6,0.342,2543332
KALIMANTAN TIMUR,2019,42.6,6.295,0.335,2747561
KALIMANTAN TIMUR,2020,42.78,6.795,0.335,2981379
KALIMANTAN TIMUR,2021,40.61,6.82,0.331,2981378
KALIMANTAN TIMUR,2022,43.15,6.24,0.317,3014497
KALIMANTAN TIMUR,2023,42.94,5.84,0.322,3201396
KALIMANTAN TIMUR,2024,43.21,5.445,0.321,3360858
KALIMANTAN UTARA,2007,41.26,12.45,0.351,766500
KALIMANTAN UTARA,2008,40.06,11.26,0.362,889654
KALIMANTAN UTARA,2009,42.82,10.96,0.379,955000
KALIMANTAN UTARA,2010,44.25,10.275,0.368,1002000
KALIMANTAN UTARA,2011,42.23,11.165,0.349,1084000
KALIMANTAN UTARA,2012,44.54,9.25,0.3625,1177000
KALIMANTAN UTARA,2013,42.86,8.445,0.3685,1752073
KALIMANTAN UTARA,2014,42.86,8.135,0.3545,1886315
KALIMANTAN UTARA,2015,46.29,5.735,0.304,2026126
KALIMANTAN UTARA,2016,45.3,4.575,0.3025,2175340
KALIMANTAN UTARA,2017,49.31,5.355,0.311,2358800
KALIMANTAN UTARA,2018,45.51,4.905,0.304,2559903
KALIMANTAN UTARA,2019,46.54,5.165,0.292,2765463
KALIMANTAN UTARA,2020,45.21,5.34,0.3,3000804
KALIMANTAN UTARA,2021,45.46,4.625,0.285,3000803
KALIMANTAN UTARA,2022,45.97,4.475,0.27,3016738
KALIMANTAN UTARA,2023,45.45,4.055,0.277,3251703
KALIMANTAN UTARA,2024,48.97,3.955,0.264,3361653
KEP. BANGKA BELITUNG,2007,54.75,6.925,0.278,720000
KEP. BANGKA BELITUNG,2008,51.77,5.89,0.275,813000
KEP. BANGKA BELITUNG,2009,49.37,5.48,0.288,850000
KEP. BANGKA BELITUNG,2010,49.77,4.935,0.296,910000
KEP. BANGKA BELITUNG,2011,50.68,3.585,0.3105,1024000
KEP. BANGKA BELITUNG,2012,48.56,3.125,0.3025,1110000
KEP. BANGKA BELITUNG,2013,50.68,3.435,0.31,1265000
KEP. BANGKA BELITUNG,2014,50.38,3.905,0.299,1640000
KEP. BANGKA BELITUNG,2015,49.75,4.82,0.279,2100000
KEP. BANGKA BELITUNG,2016,46.7,4.385,0.2815,2341500
KEP. BANGKA BELITUNG,2017,49.65,4.12,0.279,2534673
KEP. BANGKA BELITUNG,2018,47.47,3.6,0.272,2755444
KEP. BANGKA BELITUNG,2019,47.75,3.45,0.262,2976706
KEP. BANGKA BELITUNG,2020,48.75,4.3,0.257,3230024
KEP. BANGKA BELITUNG,2021,49.04,5.035,0.247,3230022
KEP. BANGKA BELITUNG,2022,50.91,4.475,0.255,3264884
KEP. BANGKA BELITUNG,2023,48.56,4.225,0.245,3498479
KEP. BANGKA BELITUNG,2024,48.81,4.24,0.244,3640000
KEP. RIAU,2007,42.68,8.935,0.32,805000
KEP. RIAU,2008,44.13,8.25,0.316,833000
KEP. RIAU,2009,46.79,7.96,0.287,892000
KEP. RIAU,2010,48.63,7.055,0.293,925000
KEP. RIAU,2011,45.95,6.29,0.348,975000
KEP. RIAU,2012,45.69,5.395,0.3735,1015000
KEP. RIAU,2013,44.52,5.84,0.371,1365087
KEP. RIAU,2014,43.68,5.975,0.4195,1665000
KEP. RIAU,2015,43.62,7.625,0.3515,1954000
KEP. RIAU,2016,45.89,8.36,0.353,2178710
KEP. RIAU,2017,47.74,6.8,0.347,2358454
KEP. RIAU,2018,46.77,7.67,0.339,2563875
KEP. RIAU,2019,43.66,7.26,0.337,2769754
KEP. RIAU,2020,44.49,8.16,0.334,3005460
KEP. RIAU,2021,44.11,10.015,0.339,3005383
KEP. RIAU,2022,45.38,8.125,0.325,3050172
KEP. RIAU,2023,42.67,7.205,0.34,3279194
KEP. RIAU,2024,43.85,6.665,0.349,3402492
LAMPUNG,2007,39.81,7.935,0.402,555000
LAMPUNG,2008,42.09,6.725,0.362,617000
LAMPUNG,2009,45.32,6.4,0.353,691000
LAMPUNG,2010,46.32,5.76,0.36,767500
LAMPUNG,2011,46.55,5.95,0.344,855000
LAMPUNG,2012,47.29,5.205,0.357,975000
LAMPUNG,2013,48.01,5.38,0.356,1150000
LAMPUNG,2014,47.13,4.935,0.339,1399037
LAMPUNG,2015,45.39,4.29,0.364,1581000
LAMPUNG,2016,47.12,4.58,0.361,1763000
LAMPUNG,2017,49.49,4.38,0.334,1908447
LAMPUNG,2018,47.61,4.18,0.326,2074673
LAMPUNG,2019,47.92,3.99,0.331,2241270
LAMPUNG,2020,47.74,4.465,0.32,2432002
LAMPUNG,2021,47.31,4.615,0.314,2431324
LAMPUNG,2022,48.84,4.415,0.313,2440486
LAMPUNG,2023,46.38,4.205,0.324,2633284
LAMPUNG,2024,49.79,4.155,0.302,2716497
MALUKU,2007,48.06,13.285,0.34,635000
MALUKU,2008,49.81,10.86,0.324,700000
MALUKU,2009,51.92,10.475,0.312,775000
MALUKU,2010,52.27,9.55,0.329,840000
MALUKU,2011,45.1,9.495,0.384,900000
MALUKU,2012,49.87,7.65,0.3825,975000
MALUKU,2013,46.11,8.44,0.3585,1275000
MALUKU,2014,46.81,8.55,0.3405,1415000
MALUKU,2015,48.73,8.325,0.339,1650000
MALUKU,2016,46.65,7.015,0.346,1775000
MALUKU,2017,48.68,8.53,0.332,1925000
MALUKU,2018,47.65,7.01,0.326,2222220
MALUKU,2019,46.65,6.65,0.32,2400664
MALUKU,2020,45.11,7.14,0.326,2604961
MALUKU,2021,44.45,6.83,0.316,2604960
MALUKU,2022,46.28,6.66,0.306,2619313
MALUKU,2023,43.25,6.195,0.288,2812827
MALUKU,2024,46.01,6.035,0.282,2949953
MALUKU UTARA,2007,51.08,7.195,0.346,660000
MALUKU UTARA,2008,45.42,6.755,0.339,700000
MALUKU UTARA,2009,45.86,6.685,0.327,770000
MALUKU UTARA,2010,45.85,6.03,0.336,847000
MALUKU UTARA,2011,44.44,5.57,0.3385,889350
MALUKU UTARA,2012,40.4,5.16,0.322,960498
MALUKU UTARA,2013,48.93,4.65,0.319,1200622
MALUKU UTARA,2014,45.48,5.47,0.3235,1440746
MALUKU UTARA,2015,47.7,5.805,0.283,1577617
MALUKU UTARA,2016,42.97,3.72,0.2975,1681266
MALUKU UTARA,2017,45.14,5.075,0.324,1975000
MALUKU UTARA,2018,43.16,4.595,0.336,2320803
MALUKU UTARA,2019,43.24,4.885,0.31,2508091
MALUKU UTARA,2020,43.28,4.62,0.29,2721530
MALUKU UTARA,2021,44.7,4.885,0.278,2721530
MALUKU UTARA,2022,45.69,4.48,0.309,2862231
MALUKU UTARA,2023,44.7,4.455,0.3,2976720
MALUKU UTARA,2024,44.25,4.095,0.316,3200000
NUSA TENGGARA BARAT,2007,51.45,7.015,0.339,645000
NUSA TENGGARA BARAT,2008,51.98,5.665,0.342,730000
NUSA TENGGARA BARAT,2009,48.04,6.185,0.354,832500
NUSA TENGGARA BARAT,2010,47.57,5.535,0.396,890775
NUSA TENGGARA BARAT,2011,52.71,5.355,0.3645,950000
NUSA TENGGARA BARAT,2012,59.23,5.23,0.351,1000000
NUSA TENGGARA BARAT,2013,52.64,5.29,0.3565,1100000
NUSA TENGGARA BARAT,2014,54.49,5.525,0.384,1210000
NUSA TENGGARA BARAT,2015,49.43,5.335,0.364,1330000
NUSA TENGGARA BARAT,2016,50.65,3.8,0.362,1482950
NUSA TENGGARA BARAT,2017,51.61,3.59,0.375,1631245
NUSA TENGGARA BARAT,2018,54.68,3.43,0.391,1825000
NUSA TENGGARA BARAT,2019,50.62,3.215,0.374,2012610
NUSA TENGGARA BARAT,2020,50.63,3.63,0.386,2183883
NUSA TENGGARA BARAT,2021,50.93,3.49,0.384,2183883
NUSA TENGGARA BARAT,2022,54.85,3.405,0.374,2207212
NUSA TENGGARA BARAT,2023,54.65,3.265,0.375,2371407
NUSA TENGGARA BARAT,2024,55.07,3.015,0.361,2444067
NUSA TENGGARA TIMUR,2007,48.75,3.85,0.363,600000
NUSA TENGGARA TIMUR,2008,47.85,3.715,0.349,650000
NUSA TENGGARA TIMUR,2009,48.42,3.375,0.357,725000
NUSA TENGGARA TIMUR,2010,49.74,3.415,0.378,800000
NUSA TENGGARA TIMUR,2011,47.51,2.935,0.3475,850000
NUSA TENGGARA TIMUR,2012,46.65,2.785,0.357,925000
NUSA TENGGARA TIMUR,2013,46.32,2.685,0.348,1010000
NUSA TENGGARA TIMUR,2014,42.63,2.615,0.355,1150000
NUSA TENGGARA TIMUR,2015,45.86,3.475,0.3435,1250000
NUSA TENGGARA TIMUR,2016,44.74,3.42,0.349,1425000
NUSA TENGGARA TIMUR,2017,47.45,3.24,0.359,1525000
NUSA TENGGARA TIMUR,2018,48.33,2.835,0.359,1660000
NUSA TENGGARA TIMUR,2019,46.79,3.06,0.355,1795000
NUSA TENGGARA TIMUR,2020,46.04,3.46,0.356,1950000
NUSA TENGGARA TIMUR,2021,47.5,3.575,0.339,1945902
NUSA TENGGARA TIMUR,2022,46.24,3.42,0.34,1975000
NUSA TENGGARA TIMUR,2023,44.58,3.12,0.325,2123994
NUSA TENGGARA TIMUR,2024,47.72,3.095,0.316,2186826
PAPUA,2007,49.1,5.265,0.422,987000
PAPUA,2008,47.79,4.62,0.407,1105500
PAPUA,2009,51.75,4.105,0.383,1216100
PAPUA,2010,52.14,3.815,0.414,1316500
PAPUA,2011,47.32,4.43,0.4015,1403000
PAPUA,2012,49.5,3.37,0.4425,1585000
PAPUA,2013,45.89,3.03,0.4415,1710000
PAPUA,2014,61.52,3.46,0.4335,2040000
PAPUA,2015,47.41,3.855,0.4065,2193000
PAPUA,2016,47.21,3.16,0.3945,2435000
PAPUA,2017,49.88,3.79,0.398,2663646
PAPUA,2018,46.64,2.875,0.398,3000000
PAPUA,2019,47.02,3.365,0.391,3240900
PAPUA,2020,46.84,3.85,0.395,3516700
PAPUA,2021,47.94,3.55,0.396,3516700
PAPUA,2022,48.01,3.215,0.393,3561932
PAPUA,2023,45.84,3.08,0.386,3864696
PAPUA,2024,44.16,6.145,0.362,4024270
PAPUA BARAT,2007,52.71,9.82,0.346,987000
PAPUA BARAT,2008,52.96,8.475,0.326,1105500
PAPUA BARAT,2009,51.02,7.645,0.353,1180000
PAPUA BARAT,2010,48.36,7.725,0.381,1210000
PAPUA BARAT,2011,44.09,6.775,0.395,1410000
PAPUA BARAT,2012,45.95,5.995,0.416,1450000
PAPUA BARAT,2013,46.29,4.38,0.4245,1720000
PAPUA BARAT,2014,42.83,4.36,0.422,1870000
PAPUA BARAT,2015,46.71,6.345,0.434,2015000
PAPUA BARAT,2016,44.38,6.595,0.387,2237000
PAPUA BARAT,2017,43.43,7.005,0.389,2421500
PAPUA BARAT,2018,45.65,6.36,0.391,2667000
PAPUA BARAT,2019,45.72,6.12,0.381,2934500
PAPUA BARAT,2020,46.26,6.79,0.376,3134600
PAPUA BARAT,2021,44.2,6.01,0.374,3134600
PAPUA BARAT,2022,46.27,5.575,0.384,3200000
PAPUA BARAT,2023,46.04,5.455,0.37,3282000
PAPUA BARAT,2024,48.83,4.22,0.389,3393000
PAPUA BARAT DAYA,2007,52.71,9.82,0.346,987000
PAPUA BARAT DAYA,2008,52.96,8.475,0.326,1105500
PAPUA BARAT DAYA,2009,51.02,7.645,0.353,1180000
PAPUA BARAT DAYA,2010,48.36,7.725,0.381,1210000
PAPUA BARAT DAYA,2011,44.09,6.775,0.395,1410000
PAPUA BARAT DAYA,2012,45.95,5.995,0.416,1450000
PAPUA BARAT DAYA,2013,46.29,4.38,0.4245,1720000
PAPUA BARAT DAYA,2014,42.83,4.36,0.422,1870000
PAPUA BARAT DAYA,2015,46.71,6.345,0.434,2015000
PAPUA BARAT DAYA,2016,44.38,6.595,0.387,2237000
PAPUA BARAT DAYA,2017,43.43,7.005,0.389,2421500
PAPUA BARAT DAYA,2018,45.65,6.36,0.391,2667000
PAPUA BARAT DAYA,2019,45.72,6.12,0.381,2934500
PAPUA BARAT DAYA,2020,46.26,6.79,0.376,3134600
PAPUA BARAT DAYA,2021,44.2,6.01,0.374,3134600
PAPUA BARAT DAYA,2022,46.27,5.575,0.384,3200000
PAPUA BARAT DAYA,2023,46.04,5.455,0.37,3282000
PAPUA BARAT DAYA,2024,46.88,6.25,0.346,4024270
PAPUA PEGUNUNGAN,2007,49.1,5.265,0.422,987000
PAPUA PEGUNUNGAN,2008,47.79,4.62,0.407,1105500
PAPUA PEGUNUNGAN,2009,51.75,4.105,0.383,1216100
PAPUA PEGUNUNGAN,2010,52.14,3.815,0.414,1316500
PAPUA PEGUNUNGAN,2011,47.32,4.43,0.4015,1403000
PAPUA PEGUNUNGAN,2012,49.5,3.37,0.4425,1585000
PAPUA PEGUNUNGAN,2013,45.89,3.03,0.4415,1710000
PAPUA PEGUNUNGAN,2014,61.52,3.46,0.4335,2040000
PAPUA PEGUNUNGAN,2015,47.41,3.855,0.4065,2193000
PAPUA PEGUNUNGAN,2016,47.21,3.16,0.3945,2435000
PAPUA PEGUNUNGAN,2017,49.88,3.79,0.398,2663646
PAPUA PEGUNUNGAN,2018,46.64,2.875,0.398,3000000
PAPUA PEGUNUNGAN,2019,47.02,3.365,0.391,3240900
PAPUA PEGUNUNGAN,2020,46.84,3.85,0.395,3516700
PAPUA PEGUNUNGAN,2021,47.94,3.55,0.396,3516700
PAPUA PEGUNUNGAN,2022,48.01,3.215,0.393,3561932
PAPUA PEGUNUNGAN,2023,45.84,3.08,0.386,3864696
PAPUA PEGUNUNGAN,2024,60.6,1.25,0.34,4024270
PAPUA SELATAN,2007,49.1,5.265,0.422,987000
PAPUA SELATAN,2008,47.79,4.62,0.407,1105500
PAPUA SELATAN,2009,51.75,4.105,0.383,1216100
PAPUA SELATAN,2010,52.14,3.815,0.414,1316500
PAPUA SELATAN,2011,47.32,4.43,0.4015,1403000
PAPUA SELATAN,2012,49.5,3.37,0.4425,1585000
PAPUA SELATAN,2013,45.89,3.03,0.4415,1710000
PAPUA SELATAN,2014,61.52,3.46,0.4335,2040000
PAPUA SELATAN,2015,47.41,3.855,0.4065,2193000
PAPUA SELATAN,2016,47.21,3.16,0.3945,2435000
PAPUA SELATAN,2017,49.88,3.79,0.398,2663646
PAPUA SELATAN,2018,46.64,2.875,0.398,3000000
PAPUA SELATAN,2019,47.02,3.365,0.391,3240900
PAPUA SELATAN,2020,46.84,3.85,0.395,3516700
PAPUA SELATAN,2021,47.94,3.55,0.396,3516700
PAPUA SELATAN,2022,48.01,3.215,0.393,3561932
PAPUA SELATAN,2023,45.84,3.08,0.386,3864696
PAPUA SELATAN,2024,47.89,4.4,0.404,4024270
PAPUA TENGAH,2007,49.1,5.265,0.422,987000
PAPUA TENGAH,2008,47.79,4.62,0.407,1105500
PAPUA TENGAH,2009,51.75,4.105,0.383,1216100
PAPUA TENGAH,2010,52.14,3.815,0.414,1316500
PAPUA TENGAH,2011,47.32,4.43,0.4015,1403000
PAPUA TENGAH,2012,49.5,3.37,0.4425,1585000
PAPUA TENGAH,2013,45.89,3.03,0.4415,1710000
PAPUA TENGAH,2014,61.52,3.46,0.4335,2040000
PAPUA TENGAH,2015,47.41,3.855,0.4065,2193000
PAPUA TENGAH,2016,47.21,3.16,0.3945,2435000
PAPUA TENGAH,2017,49.88,3.79,0.398,2663646
PAPUA TENGAH,2018,46.64,2.875,0.398,3000000
PAPUA TENGAH,2019,47.02,3.365,0.391,3240900
PAPUA TENGAH,2020,46.84,3.85,0.395,3516700
PAPUA TENGAH,2021,47.94,3.55,0.396,3516700
PAPUA TENGAH,2022,48.01,3.215,0.393,3561932
PAPUA TENGAH,2023,45.84,3.08,0.386,3864696
PAPUA TENGAH,2024,47.89,2.62,0.381,4024270
RIAU,2007,44.94,10.09,0.339,710000
RIAU,2008,46.46,8.775,0.328,800000
RIAU,2009,49.92,8.76,0.331,901600
RIAU,2010,49.61,7.965,0.326,1016000
RIAU,2011,45.77,6.8,0.3435,1120000
RIAU,2012,48.68,4.83,0.3935,1238000
RIAU,2013,48.18,4.835,0.3835,1400000
RIAU,2014,46.91,5.775,0.366,1700000
RIAU,2015,44.51,7.275,0.365,1878000
RIAU,2016,46.06,6.685,0.347,2095000
RIAU,2017,49.28,5.99,0.325,2266722
RIAU,2018,46.42,5.765,0.347,2464154
RIAU,2019,45.94,5.56,0.331,2662026
RIAU,2020,45.02,5.62,0.321,2888564
RIAU,2021,45.14,4.69,0.327,2888563
RIAU,2022,47.25,4.385,0.323,2938564
RIAU,2023,46.11,4.24,0.324,3191662
RIAU,2024,48.05,3.775,0.307,3294625
SULAWESI BARAT,2007,59.64,4.77,0.325,691464
SULAWESI BARAT,2008,56.29,5.125,0.323,760500
SULAWESI BARAT,2009,51.22,4.715,0.301,909400
SULAWESI BARAT,2010,49.23,3.675,0.364,944200
SULAWESI BARAT,2011,54.0,3.06,0.3565,1006000
SULAWESI BARAT,2012,49.67,2.13,0.325,1127000
SULAWESI BARAT,2013,53.26,2.185,0.3365,1165000
SULAWESI BARAT,2014,51.46,1.84,0.365,1400000
SULAWESI BARAT,2015,49.86,2.58,0.3625,1655500
SULAWESI BARAT,2016,48.8,3.025,0.3675,1864000
SULAWESI BARAT,2017,47.32,3.095,0.347,2017780
SULAWESI BARAT,2018,47.41,2.67,0.366,2193530
SULAWESI BARAT,2019,46.54,2.135,0.365,2381000
SULAWESI BARAT,2020,44.44,2.855,0.356,2678863
SULAWESI BARAT,2021,43.98,3.205,0.366,2678863
SULAWESI BARAT,2022,43.61,2.725,0.371,2678863
SULAWESI BARAT,2023,45.7,2.655,0.351,2871794
SULAWESI BARAT,2024,45.08,2.85,0.354,2914958
SULAWESI SELATAN,2007,44.71,11.63,0.38,673200
SULAWESI SELATAN,2008,44.86,9.765,0.37,740520
SULAWESI SELATAN,2009,43.85,8.82,0.394,905000
SULAWESI SELATAN,2010,46.93,8.18,0.404,1000000
SULAWESI SELATAN,2011,46.53,7.51,0.416,1100000
SULAWESI SELATAN,2012,45.49,6.285,0.414,1200000
SULAWESI SELATAN,2013,43.57,5.49,0.4305,1440000
SULAWESI SELATAN,2014,45.64,5.435,0.4365,1800000
SULAWESI SELATAN,2015,43.17,5.88,0.414,2000000
SULAWESI SELATAN,2016,42.33,4.955,0.413,2250000
SULAWESI SELATAN,2017,42.76,5.19,0.418,2435625
SULAWESI SELATAN,2018,45.46,4.99,0.388,2647767
SULAWESI SELATAN,2019,43.86,4.86,0.391,2860382
SULAWESI SELATAN,2020,44.99,6.005,0.382,3103800
SULAWESI SELATAN,2021,44.46,5.755,0.377,3165876
SULAWESI SELATAN,2022,46.37,5.13,0.365,3165876
SULAWESI SELATAN,2023,44.38,4.795,0.377,3385145
SULAWESI SELATAN,2024,46.07,4.545,0.363,3434298
SULAWESI TENGAH,2007,49.17,7.7,0.33,615000
SULAWESI TENGAH,2008,47.77,6.35,0.34,670000
SULAWESI TENGAH,2009,44.22,5.27,0.338,720000
SULAWESI TENGAH,2010,41.9,4.75,0.366,777500
SULAWESI TENGAH,2011,46.35,5.545,0.382,827500
SULAWESI TENGAH,2012,48.64,3.85,0.3935,885000
SULAWESI TENGAH,2013,40.38,3.43,0.399,995000
SULAWESI TENGAH,2014,42.47,3.3,0.362,1250000
SULAWESI TENGAH,2015,40.53,3.545,0.372,1500000
SULAWESI TENGAH,2016,43.3,3.375,0.3545,1670000
SULAWESI TENGAH,2017,45.06,3.39,0.35,1807775
SULAWESI TENGAH,2018,43.34,3.245,0.317,1965232
SULAWESI TENGAH,2019,46.09,3.285,0.33,2123040
SULAWESI TENGAH,2020,43.4,3.35,0.321,2303711
SULAWESI TENGAH,2021,43.09,3.74,0.326,2303710
SULAWESI TENGAH,2022,46.08,3.335,0.305,2390739
SULAWESI TENGAH,2023,47.11,3.22,0.304,2599546
SULAWESI TENGAH,2024,46.48,3.045,0.301,2736698
SULAWESI TENGGARA,2007,49.28,6.665,0.363,640000
SULAWESI TENGGARA,2008,46.05,5.89,0.338,700000
SULAWESI TENGGARA,2009,40.42,5.06,0.359,770000
SULAWESI TENGGARA,2010,44.47,4.69,0.421,860000
SULAWESI TENGGARA,2011,43.64,4.57,0.401,930000
SULAWESI TENGGARA,2012,43.3,3.67,0.4035,1032300
SULAWESI TENGGARA,2013,42.57,3.905,0.4085,1125207
SULAWESI TENGGARA,2014,39.8,3.28,0.404,1400000
SULAWESI TENGGARA,2015,42.52,4.585,0.39,1652000
SULAWESI TENGGARA,2016,40.04,3.25,0.395,1850000
SULAWESI TENGGARA,2017,42.57,3.22,0.399,2002625
SULAWESI TENGGARA,2018,42.53,2.98,0.392,2177052
SULAWESI TENGGARA,2019,42.21,3.2,0.393,2351870
SULAWESI TENGGARA,2020,43.46,3.84,0.388,2552015
SULAWESI TENGGARA,2021,42.92,4.07,0.394,2552014
SULAWESI TENGGARA,2022,43.09,3.61,0.366,2576017
SULAWESI TENGGARA,2023,43.66,3.405,0.371,2758948
SULAWESI TENGGARA,2024,44.49,3.155,0.37,2885964
SULAWESI UTARA,2007,46.4,12.695,0.338,750000
SULAWESI UTARA,2008,48.81,11.5,0.295,845000
SULAWESI UTARA,2009,48.71,10.595,0.311,929500
SULAWESI UTARA,2010,47.95,10.045,0.37,1000000
SULAWESI UTARA,2011,44.42,9.92,0.372,1050000
SULAWESI UTARA,2012,45.99,8.265,0.4285,1250000
SULAWESI UTARA,2013,47.25,7.145,0.434,1550000
SULAWESI UTARA,2014,44.76,7.405,0.43,1900000
SULAWESI UTARA,2015,46.95,8.86,0.367,2150000
SULAWESI UTARA,2016,47.41,7.0,0.3825,2400000
SULAWESI UTARA,2017,50.29,6.65,0.395,2598000
SULAWESI UTARA,2018,43.84,6.235,0.372,2824286
SULAWESI UTARA,2019,46.37,5.59,0.376,3051076
SULAWESI UTARA,2020,45.17,6.355,0.368,3310723
SULAWESI UTARA,2021,48.02,7.17,0.359,3310723
SULAWESI UTARA,2022,51.75,6.56,0.359,3310723
SULAWESI UTARA,2023,47.89,6.145,0.37,3485000
SULAWESI UTARA,2024,48.8,5.915,0.36,3545000
SUMATERA BARAT,2007,49.62,10.665,0.32,725000
SUMATERA BARAT,2008,51.28,8.885,0.308,800000
SUMATERA BARAT,2009,51.2,7.935,0.298,880000
SUMATERA BARAT,2010,51.3,7.26,0.325,940000
SUMATERA BARAT,2011,51.56,7.765,0.3425,1055000
SUMATERA BARAT,2012,50.37,6.57,0.3595,1150000
SUMATERA BARAT,2013,46.32,6.705,0.357,1350000
SUMATERA BARAT,2014,50.72,6.41,0.333,1490000
SUMATERA BARAT,2015,46.82,6.44,0.3305,1615000
SUMATERA BARAT,2016,48.87,5.45,0.3215,1800725
SUMATERA BARAT,2017,50.56,5.69,0.315,1949284
SUMATERA BARAT,2018,48.45,5.67,0.305,2119067
SUMATERA BARAT,2019,48.33,5.38,0.307,2289220
SUMATERA BARAT,2020,48.12,6.065,0.301,2484041
SUMATERA BARAT,2021,48.44,6.595,0.3,2484041
SUMATERA BARAT,2022,49.21,6.225,0.292,2512539
SUMATERA BARAT,2023,49.7,5.92,0.28,2742476
SUMATERA BARAT,2024,50.34,5.77,0.283,2811449
SUMATERA SELATAN,2007,49.88,9.87,0.329,662000
SUMATERA SELATAN,2008,50.2,8.265,0.313,743000
SUMATERA SELATAN,2009,50.53,7.995,0.313,824730
SUMATERA SELATAN,2010,51.02,6.6,0.34,927825
SUMATERA SELATAN,2011,54.28,6.445,0.3715,1048440
SUMATERA SELATAN,2012,43.53,5.63,0.3965,1195220
SUMATERA SELATAN,2013,48.13,5.125,0.379,1630000
SUMATERA SELATAN,2014,47.17,4.4,0.39,1825000
SUMATERA SELATAN,2015,44.86,5.55,0.347,1974346
SUMATERA SELATAN,2016,47.42,4.125,0.355,2206000
SUMATERA SELATAN,2017,49.65,4.095,0.363,2388000
SUMATERA SELATAN,2018,47.14,4.175,0.341,2595995
SUMATERA SELATAN,2019,46.88,4.275,0.339,2804453
SUMATERA SELATAN,2020,47.83,4.705,0.338,3043111
SUMATERA SELATAN,2021,47.71,5.075,0.34,3144446
SUMATERA SELATAN,2022,49.61,4.685,0.33,3144446
SUMATERA SELATAN,2023,48.81,4.32,0.338,3404177
SUMATERA SELATAN,2024,50.57,3.915,0.333,3456874
SUMATERA UTARA,2007,47.92,10.365,0.322,761000
SUMATERA UTARA,2008,47.63,9.325,0.323,822205
SUMATERA UTARA,2009,48.39,8.35,0.317,905000
SUMATERA UTARA,2010,46.77,7.72,0.346,965000
SUMATERA UTARA,2011,50.9,7.825,0.326,1035500
SUMATERA UTARA,2012,52.44,6.355,0.3315,1200000
SUMATERA UTARA,2013,48.84,6.27,0.341,1375000
SUMATERA UTARA,2014,52.21,6.09,0.3155,1505850
SUMATERA UTARA,2015,47.84,6.55,0.331,1625000
SUMATERA UTARA,2016,50.97,6.165,0.3155,1811875
SUMATERA UTARA,2017,52.96,6.005,0.325,1961354
SUMATERA UTARA,2018,51.84,5.58,0.311,2132189
SUMATERA UTARA,2019,51.03,5.48,0.315,2303403
SUMATERA UTARA,2020,50.14,5.81,0.314,2499423
SUMATERA UTARA,2021,48.96,6.17,0.313,2499422
SUMATERA UTARA,2022,50.76,5.815,0.326,2522610
SUMATERA UTARA,2023,50.41,5.565,0.309,2710493
SUMATERA UTARA,2024,50.86,5.35,0.297,2809915
